date,season,competition,round,opponent,home_away,stadium,maccabi_score,opponent_score,maccabi_coach,opponent_coach,referee,crowd,maccabi_scorers,opponent_scorers,raw_home_team,raw_away_team,page,maccabi_scorers_parsed,opponent_scorers_parsed
04-10-1930,1930/31,ליגת ההתאחדות,,המעופפים רמלה,בית,,4,2,,,,,"רוברט מורגן )ע(, זליבנסקי31, מנחם חרש, שמואל בכ ר",",? ג'ון סנדר ס","מכבי ת""א",המעופפים רמלה,8,"[{""name"": ""מנחם חרש"", ""minute"": null}, {""name"": ""שמואל בכר"", ""minute"": null}]","[{""name"": ""גון סנדר ס"", ""minute"": null}]"
11-10-1930,1930/31,ליגת ההתאחדות,,"מכבי פ""ת",חוץ,,4,4,,,,,"יעקב זליבנסקי 20) פ, ,(75 אריה זליבנסקי ,(?) אברהם רזניק (90)","שמעון לאומי )לומק( ?) פ, 85 פ(, ,? ?","מכבי פ""ת","מכבי ת""א",8,"[{""name"": ""יעקב זליבנסקי"", ""minute"": 20}, {""name"": ""אריה זליבנסקי"", ""minute"": null}, {""name"": ""אברהם רזניק"", ""minute"": 90}]","[{""name"": ""שמ ון לאומי לומק"", ""minute"": null}]"
18-10-1930,1930/31,ליגת ההתאחדות,,המשטרה הבריטית,בית,,5,1,,,,,"מנחם חרש 2] ,[ אברהם רזניק, מרדכי פצנובסקי, חיים דליצקי",וו. ת'ומ ס,"מכבי ת""א",המשטרה הבריטית,8,"[{""name"": ""מנחם חרש"", ""minute"": 2}, {""name"": ""אברהם רזניק"", ""minute"": null}, {""name"": ""מרדכי פצנובסקי"", ""minute"": null}, {""name"": ""חיים דליצקי"", ""minute"": null}]","[{""name"": ""וו. תומ ס"", ""minute"": null}]"
25-10-1930,1930/31,ליגת ההתאחדות,,"הפועל ת""א",חוץ,,2,1,,,,,"מנחם חרש 18) או 25 ,( מרדכי פצנובסקי או מנחם חרש 55) 14(",יוחנן סוקניק (77),"הפועל ת""א","מכבי ת""א",8,"[{""name"": ""מנחם חרש"", ""minute"": 18}]","[{""name"": ""יוחנן סוקניק"", ""minute"": 77}]"
01-11-1930,1930/31,ליגת ההתאחדות,,הפועל ירושלים,בית,,8,0,,,,,,,"מכבי ת""א",הפועל ירושלים,8,[],[]
08-11-1930,1930/31,ליגת ההתאחדות,,המעופפים רמלה,חוץ,,4,2,,,,,"מרדכי פצנובסקי 2] ,[ זליבנסק י51, מנחם חרש",ויקטור בליק 2] [,המעופפים רמלה,"מכבי ת""א",8,"[{""name"": ""מרדכי פצנובסקי"", ""minute"": 2}, {""name"": ""אריה זליבנסקי"", ""minute"": 51}, {""name"": ""מנחם חרש"", ""minute"": null}]","[{""name"": ""ויקטור בליק"", ""minute"": 2}]"
18-10-1930,1930/31,ליגה ב',,מכבי השרון,חוץ,,3,2,,,,,,,מכבי השרון,"מכבי ת""א מילואים )כרמל(",11,[],[]
28-11-1931,1931/32,ליגת ההתאחדות,,"מכבי פ""ת",בית,,6,2,,,,,,)הופסק (,"מכבי ת""א","מכבי פ""ת",15,[],[]
05-12-1931,1931/32,ליגת ההתאחדות,,הפועל חיפה,בית,,1,3,,,,,,,"מכבי ת""א",הפועל חיפה,15,[],[]
12-12-1931,1931/32,ליגת ההתאחדות,,מכבי נס ציונה,חוץ,,4,0,,,,,,,מכבי נס ציונה,"מכבי ת""א",15,[],[]
19-12-1931,1931/32,ליגת ההתאחדות,,"הפועל ת""א",בית,,1,1,,,,,שמואל בכר (30),אברהם נודלמן 15) או (5020,"מכבי ת""א","הפועל ת""א",15,"[{""name"": ""שמואל בכר"", ""minute"": 30}]","[{""name"": ""אברהם נודלמן"", ""minute"": 15}]"
26-12-1931,1931/32,ליגת ההתאחדות,,הפועל ירושלים,חוץ,,7,1,,,,,"חיים דליצקי ,9) ,(75 יעקב זליבנסקי ,16) 37 פ, ,(45 גדליה ,(39)",מזרחי )08פ (,הפועל ירושלים,"מכבי ת""א",16,"[{""name"": ""חיים דליצקי"", ""minute"": null}, {""name"": ""יעקב זליבנסקי"", ""minute"": null}, {""name"": ""גדליה"", ""minute"": null}]","[{""name"": ""מזרחי"", ""minute"": null}]"
02-01-1932,1931/32,ליגת ההתאחדות,,"מכבי פ""ת",בית,,3,1,,,,,,,"מכבי ת""א","מכבי פ""ת",16,[],[]
09-01-1932,1931/32,ליגת ההתאחדות,,מכבי חשמונאי,חוץ,,0,2,,,,,,"עקיבא צובנר ,27) ? (",מכבי חשמונאי,"מכבי ת""א",16,[],"[{""name"": ""קיבא צובנר"", ""minute"": null}]"
16-01-1932,1931/32,ליגת ההתאחדות,,מכבי חיפה,בית,,4,2,,,,,,,"מכבי ת""א",מכבי חיפה,16,[],[]
23-01-1932,1931/32,ליגת ההתאחדות,,"הפועל ת""א",חוץ,,1,5,,,,,אברהם רזניק )51פ (,"מרדכי מאיר )03פ(, ?","הפועל ת""א","מכבי ת""א",16,"[{""name"": ""אברהם רזניק"", ""minute"": null}]","[{""name"": ""מרדכי מאיר"", ""minute"": null}]"
30-01-1932,1931/32,ליגת ההתאחדות,,"המשטרה הא""י",בית,,2,2,,,,,"מרדכי פצנובסקי ,(?) מנחם חרש (55)","מקלאוד ,(30) ? (60)","מכבי ת""א","המשטרה הא""י",17,"[{""name"": ""מרדכי פצנובסקי"", ""minute"": null}, {""name"": ""מנחם חרש"", ""minute"": 55}]","[{""name"": ""מקלאוד"", ""minute"": null}]"
20-02-1932,1931/32,ליגת ההתאחדות,,הפועל חיפה,חוץ,,0,5,,,,,"הפועל חיפה: וולטר טויסטר; מוקולה פא ל, אפרים דויטש; מזרחי ב', גדליהו פוקס )ב ' ,( יעקב ריקלין; מוניאק, שמואל אפשטין, ינה","ינה שטרן ,13) ,20 ,(59 שמואל אפשטיין ,(14) גדליהו פוקס )42פ (",הפועל חיפה,"מכבי ת""א",17,"[{""name"": ""ה ו ל חי ה: וולטר טויסטר; מוקולה א ל"", ""minute"": null}, {""name"": ""א רים דויטש; מזרחי ב"", ""minute"": null}, {""name"": ""גדליהו וקס ב"", ""minute"": null}, {""name"": ""י קב ריקלין; מוניאק"", ""minute"": null}, {""name"": ""שמואל א שטין"", ""minute"": null}, {""name"": ""ינה"", ""minute"": null}]","[{""name"": ""ינה שטרן"", ""minute"": null}, {""name"": ""שמואל א שטיין"", ""minute"": null}, {""name"": ""גדליהו וקס"", ""minute"": null}]"
18-03-1932,1931/32,ליגת ההתאחדות,,"המשטרה הא""י",חוץ,,0,9,,,,,,"אימרי 4] ,[ סידני ווב ,[3] ריינור, סידני פי ט","המשטרה הא""י","מכבי ת""א",17,[],"[{""name"": ""אימרי"", ""minute"": 4}, {""name"": ""סידני ווב"", ""minute"": null}, {""name"": ""ריינור"", ""minute"": null}, {""name"": ""סידני י ט"", ""minute"": null}]"
16-04-1932,1931/32,ליגת ההתאחדות,,מכבי חיפה,חוץ,,4,0,,,,,,,מכבי חיפה,"מכבי ת""א",18,[],[]
23-04-1932,1931/32,ליגת ההתאחדות,,מכבי נס ציונה,בית,,3,2,,,,,,,"מכבי ת""א",מכבי נס ציונה,18,[],[]
14-05-1932,1931/32,ליגת ההתאחדות,,מכבי חשמונאי,בית,,2,3,,,,,"בן-ציון אפשטיין ,(31) פנחס פידלר 73) ע (","מנחם חרש ,19) ,(80 יצחק גושציני (55)","מכבי ת""א",מכבי חשמונאי,18,"[{""name"": ""בן ציון אפשטיין"", ""minute"": null}]","[{""name"": ""מנחם חרש"", ""minute"": null}, {""name"": ""יצחק גושציני"", ""minute"": 55}]"
29-10-1932,1932/33,ליגת ההתאחדות,,מכבי חיפה,חוץ,,3,0,,,,,,,מכבי חיפה,"מכבי ת""א",22,[],[]
05-11-1932,1932/33,ליגת ההתאחדות,,מכבי נס ציונה,בית,,8,1,,,,,,,"מכבי ת""א",מכבי נס ציונה,22,[],[]
12-11-1932,1932/33,ליגת ההתאחדות,,מכבי חשמונאי,חוץ,,0,0,,,,,,,מכבי חשמונאי,"מכבי ת""א",22,[],[]
19-11-1932,1932/33,ליגת ההתאחדות,,"מכבי פ""ת",בית,,2,1,,,,,,,"מכבי ת""א","מכבי פ""ת",22,[],[]
26-11-1932,1932/33,ליגת ההתאחדות,,מכבי נס ציונה,חוץ,,1,1,,,,,,,מכבי נס ציונה,"מכבי ת""א",22,[],[]
10-12-1932,1932/33,ליגת ההתאחדות,,מכבי רחובות,בית,,3,2,,,,,,,"מכבי ת""א",מכבי רחובות,23,[],[]
17-12-1932,1932/33,ליגת ההתאחדות,,מכבי רחובות,חוץ,,4,0,,,,,,,מכבי רחובות,"מכבי ת""א",23,[],[]
11-02-1933,1932/33,ליגת ההתאחדות,,"מכבי פ""ת",חוץ,,0,3,,,,,,"יוסף בלקין ,15) ,(65 חיים מזרחי (75)","מכבי פ""ת","מכבי ת""א",24,[],"[{""name"": ""יוס בלקין"", ""minute"": null}, {""name"": ""חיים מזרחי"", ""minute"": 75}]"
04-03-1933,1932/33,ליגת ההתאחדות,,מכבי חשמונאי,בית,,2,0,,,,,"יעקב זליבנסקי, אמרה יעקב י",,"מכבי ת""א",מכבי חשמונאי,24,"[{""name"": ""יעקב זליבנסקי"", ""minute"": null}]",[]
11-11-1933,1933/34,ליגת ההתאחדות,,"הפועל ת""א",חוץ,,0,4,,,,,,",? בן-ציון אפשטיין )53ע(, דבורקין 40) ע(, משה זימון (89)","הפועל ת""א","מכבי ת""א",26,[],"[{""name"": ""בן ציון אפשטיין"", ""minute"": null}, {""name"": ""דבורקין"", ""minute"": 40}, {""name"": ""משה זימון"", ""minute"": 89}]"
18-11-1933,1933/34,ליגת ההתאחדות,,הפועל ירושלים,בית,,7,2,,,,,,,"מכבי ת""א",הפועל ירושלים,26,[],[]
02-12-1933,1933/34,ליגת ההתאחדות,,הפועל חיפה,בית,,1,1,,,,,אברהם רזניק )02פ 88(,הקיצוני השמאלי (44),"מכבי ת""א",הפועל חיפה,27,"[{""name"": ""אברהם רזניק"", ""minute"": null}]",[]
09-12-1933,1933/34,ליגת ההתאחדות,,מכבי חשמונאי,בית,,3,1,,,,,"אריה זליבנסקי )52פ(, מנחם חרש ,(?) ג'רי בית הלוי ?) (",עקיבא צובנר )55פ (,"מכבי ת""א",מכבי חשמונאי,27,"[{""name"": ""אריה זליבנסקי"", ""minute"": null}, {""name"": ""מנחם חרש"", ""minute"": null}, {""name"": ""גרי בית הלוי"", ""minute"": null}]","[{""name"": ""קיבא צובנר"", ""minute"": null}]"
16-12-1933,1933/34,ליגת ההתאחדות,,"מכבי פ""ת",חוץ,,1,2,,,,,שמואל בכר ?) (,"דוד הופמן ,(20) אריה הופמן ?) (","מכבי פ""ת","מכבי ת""א",27,"[{""name"": ""שמואל בכר"", ""minute"": null}]","[{""name"": ""דוד הו מן"", ""minute"": null}, {""name"": ""אריה הו מן"", ""minute"": null}]"
23-12-1933,1933/34,ליגת ההתאחדות,,הפועל ירושלים,חוץ,,2,1,,,,,"ג'רי בית הלוי ,(6) מנחם חרש ?) (",אברהם קליינמן ?) (,הפועל ירושלים,"מכבי ת""א",28,"[{""name"": ""גרי בית הלוי"", ""minute"": null}, {""name"": ""מנחם חרש"", ""minute"": null}]","[{""name"": ""אברהם קליינמן"", ""minute"": null}]"
30-12-1933,1933/34,ליגת ההתאחדות,,מכבי נס ציונה,בית,,1,2,,,,,ג'רי בית הלוי ?) (,"אברהם שניידרוביץ )הקטן( ,(25) אברהם שניידרוביץ )קוצ'ה( ?) (","מכבי ת""א",מכבי נס ציונה,28,"[{""name"": ""גרי בית הלוי"", ""minute"": null}]","[{""name"": ""אברהם שניידרוביץ הקטן"", ""minute"": null}, {""name"": ""אברהם שניידרוביץ קוצה"", ""minute"": null}]"
06-01-1934,1933/34,ליגת ההתאחדות,,מכבי רחובות,חוץ,,1,1,,,,,אמרה יעקבי (20),פירציגר (1),מכבי רחובות,"מכבי ת""א",28,[],"[{""name"": ""ירציגר"", ""minute"": 1}]"
27-01-1934,1933/34,ליגת ההתאחדות,,"הפועל ת""א",בית,,2,3,,,,,"מנחם חרש ,(?) שמואל בכר (57)","אמנון חרל""פ ,10) ,30 43 (","מכבי ת""א","הפועל ת""א",28,"[{""name"": ""מנחם חרש"", ""minute"": null}, {""name"": ""שמואל בכר"", ""minute"": 57}]","[{""name"": ""אמנון חרל"", ""minute"": null}]"
03-02-1934,1933/34,ליגת ההתאחדות,,הפועל חיפה,חוץ,,2,2,,,,,"ג'רי בית הלוי ,(6) מנחם חרש (57)","ברוך ,(27) יוסף גייסט (40)",הפועל חיפה,"מכבי ת""א",29,"[{""name"": ""גרי בית הלוי"", ""minute"": null}, {""name"": ""מנחם חרש"", ""minute"": 57}]","[{""name"": ""ברוך"", ""minute"": null}, {""name"": ""יוס גייסט"", ""minute"": 40}]"
17-02-1934,1933/34,ליגת ההתאחדות,,"מכבי פ""ת",בית,,1,1,,,,,מנחם חרש (47),)הופסק ( יושה (20),"מכבי ת""א","מכבי פ""ת",29,"[{""name"": ""מנחם חרש"", ""minute"": 47}]",[]
24-03-1934,1933/34,ליגת ההתאחדות,,מכבי חשמונאי,חוץ,,0,1,,,,,,,מכבי חשמונאי,"מכבי ת""א",29,[],[]
14-04-1934,1933/34,ליגת ההתאחדות,,מכבי רחובות,בית,,5,0,,,,,,,"מכבי ת""א",מכבי רחובות,29,[],[]
29-12-1934,1934/35,ליגת ההתאחדות,,מכבי נס ציונה,חוץ,,2,2,,,,,"פרי נויפלד ,(15/10) ג'רי בית הלוי 25/20) 112(","יצחק בוקסר )?פ(, שקולניק",מכבי נס ציונה,"מכבי ת""א",33,"[{""name"": ""פרי נויפלד"", ""minute"": null}]","[{""name"": ""יצחק בוקסר"", ""minute"": null}, {""name"": ""שקולניק"", ""minute"": null}]"
09-02-1935,1934/35,ליגת ההתאחדות,,מכבי רחובות,חוץ,,1,1,,,,,רייך (90),המקשר השמאל י,מכבי רחובות,"מכבי ת""א",34,"[{""name"": ""רייך"", ""minute"": 90}]",[]
02-03-1935,1934/35,ליגת ההתאחדות,,"מכבי פ""ת",בית,,4,3,,,,,"פרי נויפלד, ג'רי בית הלוי, ,? ?",",? ,? יוש ה","מכבי ת""א","מכבי פ""ת",34,"[{""name"": ""פרי נויפלד"", ""minute"": null}, {""name"": ""גרי בית הלוי"", ""minute"": null}]",[]
07-12-1935,1935/36,ליגת ההתאחדות,,"הפועל ת""א",בית,,0,0,,,,,,,"מכבי ת""א","הפועל ת""א",37,[],[]
14-12-1935,1935/36,ליגת ההתאחדות,,הפועל חיפה,חוץ,,3,0,,,,,,"ג'רי בית הלוי 2] ,[ חיים רייך )ע (",הפועל חיפה,"מכבי ת""א",37,[],"[{""name"": ""גרי בית הלוי"", ""minute"": 2}, {""name"": ""חיים רייך"", ""minute"": null}]"
11-01-1936,1935/36,ליגת ההתאחדות,,"הכח ת""א",בית,,1,3,,,,,,,"מכבי ת""א","הכח ת""א",38,[],[]
18-01-1936,1935/36,ליגת ההתאחדות,,"מכבי פ""ת",חוץ,,3,1,,,,,"נתן פנץ 2] ,[ פרי נויפל ד",גאול מכלי ס,"מכבי פ""ת","מכבי ת""א",38,"[{""name"": ""נתן פנץ"", ""minute"": 2}, {""name"": ""רי נוי ל ד"", ""minute"": null}]","[{""name"": ""גאול מכלי ס"", ""minute"": null}]"
25-01-1936,1935/36,ליגת ההתאחדות,,מכבי נס ציונה,בית,,5,0,,,,,"פרי נויפלד 2] ,[ לאיוש הס, ,? ? )ע (",,"מכבי ת""א",מכבי נס ציונה,38,"[{""name"": ""פרי נויפלד"", ""minute"": 2}, {""name"": ""לאיוש הס"", ""minute"": null}]",[]
08-02-1936,1935/36,ליגת ההתאחדות,,מכבי נס ציונה,חוץ,,1,0,,,,,,פרי נויפלד (30),מכבי נס ציונה,"מכבי ת""א",38,[],"[{""name"": ""פרי נויפלד"", ""minute"": 30}]"
22-02-1936,1935/36,ליגת ההתאחדות,,"הכח ת""א",בית,,2,2,,,,,"פרי נויפלד, יוסף ליברמ ן","פולאק, זטל ר","מכבי ת""א","הכח ת""א",38,"[{""name"": ""פרי נויפלד"", ""minute"": null}, {""name"": ""יוס ליברמ ן"", ""minute"": null}]","[{""name"": ""ולאק"", ""minute"": null}, {""name"": ""זטל ר"", ""minute"": null}]"
05-12-1935,1935/36,ליגת ההתאחדות,,הפועל חיפה,בית,,2,1,,,,,"פרי נויפלד ,(35) ריקלין )98ע (",יוליוס קליין )07פ (,"מכבי ת""א",הפועל חיפה,39,"[{""name"": ""פרי נויפלד"", ""minute"": null}, {""name"": ""ריקלין"", ""minute"": null}]","[{""name"": ""יוליוס קליין"", ""minute"": null}]"
12-12-1935,1935/36,ליגת ההתאחדות,,"הפועל ת""א",חוץ,,3,2,,,,,"נתן פנץ ,(43) פרי נויפלד ,(61) פריץ דוננפלד )57פ (","אמנון חרל""פ ,(9) יוחנן סוקניק (20)","הפועל ת""א","מכבי ת""א",39,"[{""name"": ""נתן פנץ"", ""minute"": null}, {""name"": ""פרי נויפלד"", ""minute"": null}, {""name"": ""ריץ דוננ לד"", ""minute"": null}]","[{""name"": ""אמנון חרל"", ""minute"": null}, {""name"": ""יוחנן סוקניק"", ""minute"": 20}]"
19-12-1935,1935/36,ליגת ההתאחדות,,"מכבי פ""ת",בית,,1,0,,,,,גאול מכליס )66פ (,,"מכבי ת""א","מכבי פ""ת",39,"[{""name"": ""גאול מכליס"", ""minute"": null}]",[]
30-01-1937,1937,ליגת ההתאחדות,,"הכח ת""א",בית,,8,1,,,,,"נתן פנץ ,6) ,(15222 פרי נויפלד ,7) ,? ,(? גאול מכליס ,?) ,(? ג'רי בית הלוי ?) (",,"מכבי ת""א","הכח ת""א",43,"[{""name"": ""נתן פנץ"", ""minute"": null}, {""name"": ""פרי נויפלד"", ""minute"": null}, {""name"": ""גאול מכליס"", ""minute"": null}, {""name"": ""גרי בית הלוי"", ""minute"": null}]",[]
06-02-1937,1937,ליגת ההתאחדות,,הפועל חיפה,חוץ,,2,0,,,,,,"פריץ דוננפלד ,?) 68 (",הפועל חיפה,"מכבי ת""א",43,[],"[{""name"": ""ריץ דוננ לד"", ""minute"": null}]"
13-02-1937,1937,ליגת ההתאחדות,,"מכבי פ""ת",בית,,5,2,,,,,"נתן פנץ ,(7) גאול מכליס ,10) ,(? ג'רי בית הלוי ,(?) פרי נויפלד ?) (","אריה הופמן ,(?) נחמיה איכילוב ?) (","מכבי ת""א","מכבי פ""ת",43,"[{""name"": ""נתן פנץ"", ""minute"": null}, {""name"": ""גאול מכליס"", ""minute"": null}, {""name"": ""גרי בית הלוי"", ""minute"": null}, {""name"": ""פרי נויפלד"", ""minute"": null}]","[{""name"": ""אריה הו מן"", ""minute"": null}, {""name"": ""נחמיה איכילוב"", ""minute"": null}]"
27-02-1937,1937,ליגת ההתאחדות,,"הפועל ת""א",בית,,1,3,,,,,נתן פנץ (51),"אמנון חרל""פ ,47) ,(60 שלמה פוליאקוב (67)","מכבי ת""א","הפועל ת""א",43,"[{""name"": ""נתן פנץ"", ""minute"": 51}]","[{""name"": ""אמנון חרל"", ""minute"": null}, {""name"": ""שלמה וליאקוב"", ""minute"": 67}]"
09-10-1937,1937,ליגת ההתאחדות,,"הפועל ת""א",חוץ,,1,0,,,,,)הופסק (,נתן פנ ץ,"הפועל ת""א","מכבי ת""א",43,[],"[{""name"": ""נתן נ ץ"", ""minute"": null}]"
30-10-1937,1937,ליגת ההתאחדות,,"הכח ת""א",בית,,3,0,,,,,"מילה גינזבורג ,(56) גאול מכליס )56פ(, נתן פנץ ?) (",)טכני(,"מכבי ת""א","הכח ת""א",44,"[{""name"": ""מילה גינזבורג"", ""minute"": null}, {""name"": ""גאול מכליס"", ""minute"": null}, {""name"": ""נתן פנץ"", ""minute"": null}]",[]
20-11-1937,1937,ליגת ההתאחדות,,הפועל חיפה,בית,,3,2,,,,,"נתן פנץ ,(5) גאול מכליס ,(7) צבי וולפוביץ' (65)","מנחם צימט ,(18) דוד בן-עמי (67)","מכבי ת""א",הפועל חיפה,44,"[{""name"": ""נתן פנץ"", ""minute"": null}, {""name"": ""גאול מכליס"", ""minute"": null}]","[{""name"": ""מנחם צימט"", ""minute"": null}, {""name"": ""דוד בן- מי"", ""minute"": 67}]"
27-11-1937,1937,ליגת ההתאחדות,,"מכבי פ""ת",חוץ,,5,2,,,,,80 שערים הובקעו במהלך העונה. לגבי 60 מתוכם נמסרה זהות מבקיע השערים. שער אחד,,"מכבי פ""ת","מכבי ת""א",44,"[{""name"": ""ש רים הובק ו במהלך ה ונה. לגבי 60 מתוכם נמסרה זהות מבקי הש רים. ש ר אחד"", ""minute"": null}]",[]
13-02-1937,1937,ליגה ב',,הפועל חיפה,חוץ,,3,2,,,,,,,הפועל חיפה,"מכבי ת""א",47,[],[]
05-02-1938,1938/39,ליגת ההתאחדות,,המעופפים רמלה,בית,,10,1,,,,,"ג'רי בית הלוי ,[3] גאול מכליס ,[3] פרי נויפלד 2] ,[ אברהם רזניק, מילה",גינזבורג,"מכבי ת""א",המעופפים רמלה,50,"[{""name"": ""גרי בית הלוי"", ""minute"": null}, {""name"": ""גאול מכליס"", ""minute"": null}, {""name"": ""פרי נויפלד"", ""minute"": 2}, {""name"": ""אברהם רזניק"", ""minute"": null}, {""name"": ""מילה"", ""minute"": null}]","[{""name"": ""גינזבורג"", ""minute"": null}]"
12-03-1938,1938/39,ליגת ההתאחדות,,הפועל הרצליה,חוץ,,1,3,,,,,ג'רי בית הלוי (30),"רייך ,55) ,(65 מנחם ?) (",הפועל הרצליה,"מכבי ת""א",50,"[{""name"": ""גרי בית הלוי"", ""minute"": 30}]","[{""name"": ""רייך"", ""minute"": null}, {""name"": ""מנחם"", ""minute"": null}]"
19-03-1938,1938/39,ליגת ההתאחדות,,"הכח ת""א",בית,,3,2,,,,,"פרי נויפלד ,(9) נתן פ נץ ,20) 45 (","רוזנבאום )06פ, 07פ (","מכבי ת""א","הכח ת""א",50,"[{""name"": ""פרי נויפלד"", ""minute"": null}, {""name"": ""נתן פנץ"", ""minute"": null}]","[{""name"": ""רוזנבאום"", ""minute"": 6}]"
26-03-1938,1938/39,ליגת ההתאחדות,,מכבי נס ציונה,חוץ,,6,1,,,,,"פרי נויפלד, 179?",חנוך,מכבי נס ציונה,"מכבי ת""א",50,"[{""name"": ""פרי נויפלד"", ""minute"": null}]","[{""name"": ""חנוך"", ""minute"": null}]"
02-04-1938,1938/39,ליגת ההתאחדות,,המשטרה,בית,,6,0,,,,,"פרי נויפלד ,(3) ג'רי בית הלוי, מילה גינזבורג, 181?",,"מכבי ת""א",המשטרה,51,"[{""name"": ""פרי נויפלד"", ""minute"": null}, {""name"": ""גרי בית הלוי"", ""minute"": null}, {""name"": ""מילה גינזבורג"", ""minute"": null}]",[]
30-04-1938,1938/39,ליגת ההתאחדות,,"הפועל ת""א",חוץ,,0,0,,,,,גדליהו פוקס )הפועל חיפה( הורחק.,,"הפועל ת""א","מכבי ת""א",51,"[{""name"": ""גדליהו וקס ה ו ל חי ה הורחק."", ""minute"": null}]",[]
07-05-1938,1938/39,ליגת ההתאחדות,,"מכבי פ""ת",חוץ,,1,1,,,,,,שושן ?) (,"מכבי פ""ת","מכבי ת""א",51,[],"[{""name"": ""שושן"", ""minute"": null}]"
05-06-1938,1938/39,ליגת ההתאחדות,,הפועל חיפה,חוץ,,7,3,,,,,,,הפועל חיפה,"מכבי ת""א",51,[],[]
19-11-1938,1938/39,ליגת ההתאחדות,,"הכח ת""א",חוץ,,6,0,,,,,,"מילה גינזבורג ,(2) פרי נויפלד ,(2) אהרון סידי, ג'רי בית הלוי","הכח ת""א","מכבי ת""א",51,[],"[{""name"": ""מילה גינזבורג"", ""minute"": null}, {""name"": ""פרי נויפלד"", ""minute"": null}, {""name"": ""אהרון סידי"", ""minute"": null}, {""name"": ""גרי בית הלוי"", ""minute"": null}]"
17-12-1938,1938/39,ליגת ההתאחדות,,"מכבי פ""ת",בית,,3,1,,,,,"פרי נויפלד )44פ, ,(85 אהרון סידי (71)",,"מכבי ת""א","מכבי פ""ת",52,"[{""name"": ""פרי נויפלד"", ""minute"": 44}, {""name"": ""אהרון סידי"", ""minute"": 71}]",[]
13-01-1939,1938/39,ליגת ההתאחדות,,"הפועל ת""א",בית,,2,2,,,,,"סימון אלמביק ,(23) פרי נויפלד (90)","הרברט מייטנר ,13) 26 (","מכבי ת""א","הפועל ת""א",52,"[{""name"": ""סימון אלמביק"", ""minute"": null}, {""name"": ""פרי נויפלד"", ""minute"": 90}]","[{""name"": ""הרברט מייטנר"", ""minute"": null}]"
22-10-1938,1938/39,ליגה ב',,"הכח ת""א",בית,,4,2,,,,,"גאול מכליס ,13) ,? ,(? ג'רי בית הלוי (39)","פאול קסטנבאום )73פ, 75 (","מכבי ת""א","הכח ת""א",57,"[{""name"": ""גאול מכליס"", ""minute"": null}, {""name"": ""גרי בית הלוי"", ""minute"": 39}]","[{""name"": ""אול קסטנבאום"", ""minute"": 73}]"
05-11-1938,1938/39,ליגה ב',,"מכבי פ""ת",חוץ,,2,0,,,,,)הופסק (,אהרון סידי 2] [,"מכבי פ""ת","מכבי ת""א",57,[],"[{""name"": ""אהרון סידי"", ""minute"": 2}]"
10-12-1938,1938/39,ליגה ב',,"הפועל ת""א",חוץ,,1,3,,,,,פרי נויפלד )09פ (,"אברהם פלמן )בוצ'קה( ,(43) אברהם נודלמן ,55) 65 (","הפועל ת""א","מכבי ת""א",57,"[{""name"": ""פרי נויפלד"", ""minute"": null}]","[{""name"": ""אברהם למן בוצקה"", ""minute"": null}, {""name"": ""אברהם נודלמן"", ""minute"": null}]"
25-02-1939,1939,ליגת ההתאחדות,,הפועל הרצליה,חוץ,,5,1,,,,,"פרי נויפלד ,20) ,(56 מילה גינזבורג ,48) ,(49 גאול מכליס (63)",יצחק בדריאן (33),הפועל הרצליה,"מכבי ת""א",60,"[{""name"": ""פרי נויפלד"", ""minute"": null}, {""name"": ""מילה גינזבורג"", ""minute"": null}, {""name"": ""גאול מכליס"", ""minute"": 63}]","[{""name"": ""יצחק בדריאן"", ""minute"": 33}]"
18-03-1939,1939,ליגת ההתאחדות,,"מכבי פ""ת",חוץ,,3,2,,,,,"ג'רי בית הלוי ,3) ,(? אהרון סידי ?) (","מנחם צימט ,(50) וילי ברגר )09פ (","מכבי פ""ת","מכבי ת""א",60,"[{""name"": ""גרי בית הלוי"", ""minute"": null}, {""name"": ""אהרון סידי"", ""minute"": null}]","[{""name"": ""מנחם צימט"", ""minute"": null}, {""name"": ""וילי ברגר"", ""minute"": null}]"
01-04-1939,1939,ליגת ההתאחדות,,"הפועל ת""א",חוץ,,1,0,,,,,,גאול מכליס (5),"הפועל ת""א","מכבי ת""א",60,[],"[{""name"": ""גאול מכליס"", ""minute"": 5}]"
29-04-1939,1939,ליגת ההתאחדות,,"הכח ת""א",בית,,4,0,,,,,"פרי נויפלד ,41) ,72 ,(90 סימון אלמביק (82)",,"מכבי ת""א","הכח ת""א",60,"[{""name"": ""פרי נויפלד"", ""minute"": null}, {""name"": ""סימון אלמביק"", ""minute"": 82}]",[]
07-10-1939,1939,ליגת ההתאחדות,,מכבי נס ציונה,בית,,6,0,,,,,,,"מכבי ת""א",מכבי נס ציונה,60,[],[]
14-10-1939,1939,ליגת ההתאחדות,,הפועל הרצליה,בית,,3,0,,,,,,)טכני(,"מכבי ת""א",הפועל הרצליה,60,[],[]
21-10-1939,1939,ליגת ההתאחדות,,"הכח ת""א",חוץ,,1,1,,,,,גאול מכליס (25),מאיר פאליק (15),"הכח ת""א","מכבי ת""א",60,"[{""name"": ""גאול מכליס"", ""minute"": 25}]","[{""name"": ""מאיר אליק"", ""minute"": 15}]"
28-10-1939,1939,ליגת ההתאחדות,,מכבי נס ציונה,חוץ,,5,0,,,,,,"ג'רי בית הלוי ,(25) פרי נויפלד )57פ, ,(87 שמשון ,(82) יוסף ליברמן (82)",מכבי נס ציונה,"מכבי ת""א",61,[],"[{""name"": ""גרי בית הלוי"", ""minute"": null}, {""name"": ""פרי נויפלד"", ""minute"": 57}, {""name"": ""שמשון"", ""minute"": null}, {""name"": ""יוס ליברמן"", ""minute"": 82}]"
04-11-1939,1939,ליגת ההתאחדות,,"מכבי פ""ת",בית,,2,1,,,,,"סימון אלמביק ,(63) פרי נויפלד (82)",הופמן (22),"מכבי ת""א","מכבי פ""ת",61,"[{""name"": ""סימון אלמביק"", ""minute"": null}, {""name"": ""פרי נויפלד"", ""minute"": 82}]","[{""name"": ""הו מן"", ""minute"": 22}]"
11-11-1939,1939,ליגת ההתאחדות,,"הפועל ת""א",בית,,2,3,,,,,"מילה גינזבורג ,(30) פרי נויפלד (55)","אלי פוקס ,(25) צבי ארליך )דוקטור( ,(35) אברהם פלמן )בוצ'קה( (50)","מכבי ת""א","הפועל ת""א",61,"[{""name"": ""מילה גינזבורג"", ""minute"": null}, {""name"": ""פרי נויפלד"", ""minute"": 55}]","[{""name"": ""אלי פוקס"", ""minute"": null}, {""name"": ""צבי ארליך"", ""minute"": null}]"
02-12-1939,1939,ליגת ההתאחדות,,הכח,חוץ,,1,4,,,,,)טכני(,,הכח,"מכבי ת""א מכבי ר""ג",64,[],[]
27-01-1940,1940,ליגת ההתאחדות,,הפועל חיפה,חוץ,,5,0,,,,,,"גאול מכליס ,52) ,(66 צבי פוקס ,(59) פרי נויפלד ,60) 76 (",הפועל חיפה,"מכבי ת""א",69,[],"[{""name"": ""גאול מכליס"", ""minute"": null}, {""name"": ""צבי וקס"", ""minute"": null}, {""name"": ""פרי נויפלד"", ""minute"": null}]"
03-02-1940,1940,ליגת ההתאחדות,,"הפועל ת""א",בית,,1,2,,,,,גאול מכליס (14),"מאיר שולמן ,(48) מאיר (72)","מכבי ת""א","הפועל ת""א",69,"[{""name"": ""גאול מכליס"", ""minute"": 14}]","[{""name"": ""מאיר שולמן"", ""minute"": null}, {""name"": ""מאיר"", ""minute"": 72}]"
10-02-1940,1940,ליגת ההתאחדות,,"מכבי פ""ת",חוץ,,5,1,,,,,"גאול מכליס ,(65) פרי נויפלד ,?) ,85 ,(87 ג'רי בית הלוי ?) (",נחמיה איכילוב (24),"מכבי פ""ת","מכבי ת""א",70,"[{""name"": ""גאול מכליס"", ""minute"": null}, {""name"": ""פרי נויפלד"", ""minute"": null}, {""name"": ""גרי בית הלוי"", ""minute"": null}]","[{""name"": ""נחמיה איכילוב"", ""minute"": 24}]"
24-02-1940,1940,ליגת ההתאחדות,,"הכח ת""א",בית,,3,0,,,,,"ג'רי בית הלוי ,(12) סימון אלמביק 18) ,217( פרי נויפלד )44פ (",,"מכבי ת""א","הכח ת""א",70,"[{""name"": ""גרי בית הלוי"", ""minute"": null}, {""name"": ""סימון אלמביק"", ""minute"": 18}, {""name"": ""פרי נויפלד"", ""minute"": null}]",[]
24-03-1940,1940,ליגת ההתאחדות,,מכבי נס ציונה,חוץ,,4,1,,,,,"גאול מכליס ,?) ,(? פרי נויפלד ,(?) אהרון סידי ?) (",אברהם שניידרוביץ (20),מכבי נס ציונה,"מכבי ת""א",71,"[{""name"": ""גאול מכליס"", ""minute"": null}, {""name"": ""פרי נויפלד"", ""minute"": null}, {""name"": ""אהרון סידי"", ""minute"": null}]","[{""name"": ""אברהם שניידרוביץ"", ""minute"": 20}]"
06-04-1940,1940,ליגת ההתאחדות,,"הפועל ת""א",חוץ,,1,2,,,,,פרי נויפלד 10) 221(,"צבי ארליך )דוקטור ( ,(4) אברהם פלמן )בוצ'קה( (82)","הפועל ת""א","מכבי ת""א",71,"[{""name"": ""פרי נויפלד"", ""minute"": 10}]","[{""name"": ""צבי ארליך"", ""minute"": null}]"
13-04-1940,1940,ליגת ההתאחדות,,"מכבי פ""ת",בית,,8,1,,,,,"גאול מכליס ,(3) ג'רי בית הלוי ,7) ,(85 פרי נויפלד ,12) ,(87 אהרון סידי",,"מכבי ת""א","מכבי פ""ת",72,"[{""name"": ""גאול מכליס"", ""minute"": null}, {""name"": ""גרי בית הלוי"", ""minute"": null}, {""name"": ""פרי נויפלד"", ""minute"": null}, {""name"": ""אהרון סידי"", ""minute"": null}]",[]
23-04-1940,1940,ליגת ההתאחדות,,הפועל הרצליה,חוץ,,4,0,,,,,,"פרי נויפלד 2] ,[ גאול מכליס, צבי פוק ס",הפועל הרצליה,"מכבי ת""א",72,[],"[{""name"": ""פרי נויפלד"", ""minute"": 2}, {""name"": ""גאול מכליס"", ""minute"": null}, {""name"": ""צבי וק ס"", ""minute"": null}]"
29-04-1940,1940,ליגת ההתאחדות,,"בית""ר ת""א",חוץ,,0,0,,,,,,,"בית""ר ת""א","מכבי ת""א",72,[],[]
04-05-1940,1940,ליגת ההתאחדות,,הפועל חיפה,בית,,1,3,,,,,ג'רי בית הלוי (53),"מנחם שליין ,(18) שוקה ברשדסקי ,29) 85 (","מכבי ת""א",הפועל חיפה,72,"[{""name"": ""גרי בית הלוי"", ""minute"": 53}]","[{""name"": ""מנחם שליין"", ""minute"": null}, {""name"": ""שוקה ברשדסקי"", ""minute"": null}]"
11-05-1940,1940,ליגת ההתאחדות,,"הכח ת""א",חוץ,,1,1,,,,,פרי נויפלד (20),חנוך לוסטיגמן ?) (,"הכח ת""א","מכבי ת""א",73,"[{""name"": ""פרי נויפלד"", ""minute"": 20}]","[{""name"": ""חנוך לוסטיגמן"", ""minute"": null}]"
01-06-1940,1940,ליגת ההתאחדות,,מכבי נס ציונה,בית,,0,3,,,,,"הופטמן ,[2] אברהם שניידרובי ץ",,"מכבי ת""א",מכבי נס ציונה,73,"[{""name"": ""הו טמן"", ""minute"": null}, {""name"": ""אברהם שניידרובי ץ"", ""minute"": null}]",[]
15-06-1940,1940,ליגת ההתאחדות,,הפועל הרצליה,בית,,11,0,,,,,"אבנר שכביץ ,[5] ג'רי בית הלוי ,[3] אהרון סידי ,[2] גאול מכלי ס",,"מכבי ת""א",הפועל הרצליה,74,"[{""name"": ""אבנר שכביץ"", ""minute"": null}, {""name"": ""גרי בית הלוי"", ""minute"": null}, {""name"": ""אהרון סידי"", ""minute"": null}, {""name"": ""גאול מכלי ס"", ""minute"": null}]",[]
22-06-1940,1940,ליגת ההתאחדות,,"בית""ר ת""א",בית,,2,0,,,,,"גאול מכליס ,(60) אברהם שניידרוביץ )הקטן( (75)",,"מכבי ת""א","בית""ר ת""א",74,"[{""name"": ""גאול מכליס"", ""minute"": null}]",[]
27-09-1941,1941/43,ליגת ההתאחדות,,מכבי נס ציונה,חוץ,,3,0,,,,,)טכני( גאול מכליס (86),אברהם שניידרוביץ (87),מכבי נס ציונה,"מכבי ת""א",94,"[{""name"": ""גאול מכליס"", ""minute"": 86}]","[{""name"": ""אברהם שניידרוביץ"", ""minute"": 87}]"
04-10-1941,1941/43,ליגת ההתאחדות,,"הפועל ראשל""צ",בית,,5,2,,,,,"גאול מכליס ,7) ,30 ,46 ,(49 אהרון סידי (10)","דוד קוורטנר ,(60) משה ישראל (70)","מכבי ת""א","הפועל ראשל""צ",94,"[{""name"": ""גאול מכליס"", ""minute"": null}, {""name"": ""אהרון סידי"", ""minute"": 10}]","[{""name"": ""דוד קוורטנר"", ""minute"": null}, {""name"": ""משה ישראל"", ""minute"": 70}]"
06-10-1941,1941/43,ליגת ההתאחדות,,"הפועל ר""ג",בית,,3,0,,,,,פרי נויפלד 3] [,,"מכבי ת""א","הפועל ר""ג",94,"[{""name"": ""פרי נויפלד"", ""minute"": 3}]",[]
18-10-1941,1941/43,ליגת ההתאחדות,,דגל ציון,בית,,2,1,,,,,"פרי נויפלד ,(9) אהרון סידי (45)",שלום שלומזון ) ?ע (,"מכבי ת""א",דגל ציון,95,"[{""name"": ""פרי נויפלד"", ""minute"": null}, {""name"": ""אהרון סידי"", ""minute"": 45}]","[{""name"": ""שלום שלומזון"", ""minute"": null}]"
22-11-1941,1941/43,ליגת ההתאחדות,,"הכח ת""א",בית,,1,0,,,,,יוסף מרימוביץ' (65),,"מכבי ת""א","הכח ת""א",95,"[{""name"": ""יוסף מרימוביץ"", ""minute"": 65}]",[]
29-11-1941,1941/43,ליגת ההתאחדות,,"נס""ק יפו",בית,,3,0,,,,,"הרצל פריצנר ,[2] גאול מכלי ס",,"מכבי ת""א","נס""ק יפו",96,"[{""name"": ""הרצל פריצנר"", ""minute"": null}, {""name"": ""גאול מכלי ס"", ""minute"": null}]",[]
06-12-1941,1941/43,ליגת ההתאחדות,,"הפועל פ""ת",חוץ,,5,1,,,,,"גאול מכליס 2] ,[ הרצל פריצנר ,[2] וינר סינקה",אריה זילברמן892,"הפועל פ""ת","מכבי ת""א",96,"[{""name"": ""גאול מכליס"", ""minute"": 2}, {""name"": ""הרצל פריצנר"", ""minute"": null}, {""name"": ""וינר סינקה"", ""minute"": null}]","[{""name"": ""אריה זילברמן"", ""minute"": null}]"
13-12-1941,1941/43,ליגת ההתאחדות,,"בית""ר ת""א",בית,,4,1,,,,,"יוסף מרימוביץ' ,[3] גאול מכלי ס",אליעזר שפיג ל,"מכבי ת""א","בית""ר ת""א",97,"[{""name"": ""יוסף מרימוביץ"", ""minute"": null}, {""name"": ""גאול מכלי ס"", ""minute"": null}]","[{""name"": ""אלי זר ש יג ל"", ""minute"": null}]"
20-12-1941,1941/43,ליגת ההתאחדות,,מכבי רחובות,חוץ,,2,0,,,,,,"הרצל פריצנר )54פ(, פרי נויפלד ?) (",מכבי רחובות,"מכבי ת""א",97,[],"[{""name"": ""הרצל פריצנר"", ""minute"": null}, {""name"": ""פרי נויפלד"", ""minute"": null}]"
10-01-1942,1941/43,ליגת ההתאחדות,,הפועל הרצליה,בית,,3,0,,,,,,)טכני(,"מכבי ת""א",הפועל הרצליה,97,[],[]
17-01-1942,1941/43,ליגת ההתאחדות,,"מכבי פ""ת",חוץ,,6,1,,,,,"הרצל פריצנר ,[3] יוסף מרימוביץ' 2] ,[ פרי נויפל ד",מנחם צימ ט,"מכבי פ""ת","מכבי ת""א",98,"[{""name"": ""הרצל פריצנר"", ""minute"": null}, {""name"": ""יוסף מרימוביץ"", ""minute"": 2}, {""name"": ""רי נוי ל ד"", ""minute"": null}]","[{""name"": ""מנחם צימ ט"", ""minute"": null}]"
31-01-1942,1941/43,ליגת ההתאחדות,,"הפועל ת""א",חוץ,,2,0,,,,,,"פרי נויפלד, הרצל פריצנ ר","הפועל ת""א","מכבי ת""א",98,[],"[{""name"": ""פרי נויפלד"", ""minute"": null}, {""name"": ""הרצל ריצנ ר"", ""minute"": null}]"
07-02-1942,1941/43,ליגת ההתאחדות,,"מכבי ראשל""צ",בית,,0,4,,,,,"ג'ק בראון 2] ,[ אביתר זמסקי, רפאל אברמו ב",,"מכבי ת""א","מכבי ראשל""צ",98,"[{""name"": ""גק בראון"", ""minute"": 2}, {""name"": ""אביתר זמסקי"", ""minute"": null}, {""name"": ""ר אל אברמו ב"", ""minute"": null}]",[]
02-04-1942,1941/43,ליגת ההתאחדות,,"הפועל פ""ת",בית,,0,2,,,,,,,"מכבי ת""א","הפועל פ""ת",99,[],[]
24-04-1942,1941/43,ליגת ההתאחדות,,"נס""ק יפו",חוץ,,2,0,,,,,,"פרי נויפלד ,(15) יוסף מרימוביץ' ?) (","נס""ק יפו","מכבי ת""א",100,[],"[{""name"": ""פרי נויפלד"", ""minute"": null}, {""name"": ""יוסף מרימוביץ"", ""minute"": null}]"
02-05-1942,1941/43,ליגת ההתאחדות,,"הפועל ר""ג",חוץ,,2,2,,,,,"הרצל פריצנר ,(2) יוסף מרימוביץ' או פרי נויפלד 87) 320(","נפתלי שוולב ,(55) חוצ'ין (77)","הפועל ר""ג","מכבי ת""א",100,"[{""name"": ""הרצל פריצנר"", ""minute"": null}, {""name"": ""יוס מרימוביץ או רי נוי לד"", ""minute"": 87}]","[{""name"": ""נ תלי שוולב"", ""minute"": null}, {""name"": ""חוצין"", ""minute"": 77}]"
13-06-1942,1941/43,ליגת ההתאחדות,,"הפועל ת""א",בית,,2,6,,,,,"גאול מכליס, פרי נויפל ד","אייזיק צ'צ'יק ,[3] אברהם נודלמן ,[2] צבי ארליך )דוקטור( )פ (","מכבי ת""א","הפועל ת""א",102,"[{""name"": ""גאול מכליס"", ""minute"": null}, {""name"": ""רי נוי ל ד"", ""minute"": null}]","[{""name"": ""אייזיק צציק"", ""minute"": null}, {""name"": ""אברהם נודלמן"", ""minute"": null}, {""name"": ""צבי ארליך"", ""minute"": null}]"
20-06-1942,1941/43,ליגת ההתאחדות,,"הכח ת""א",בית,,7,1,,,,,,,"מכבי ת""א","הכח ת""א",102,[],[]
27-06-1942,1941/43,ליגת ההתאחדות,,"מכבי פ""ת",בית,,4,0,,,,,"זוני ,(2) גאול מכליס, יוסף מרימוביץ '",,"מכבי ת""א","מכבי פ""ת",102,"[{""name"": ""גאול מכליס"", ""minute"": null}, {""name"": ""יוסף מרימוביץ"", ""minute"": null}]",[]
27-03-1943,1941/43,ליגת ההתאחדות,,מכבי רחובות,בית,,3,0,,,,,,)טכני(,"מכבי ת""א",מכבי רחובות,103,[],[]
03-04-1943,1941/43,ליגת ההתאחדות,,"מכבי ראשל""צ",חוץ,,2,5,,,,,"הרצל פריצנר ,5) 53 (","טום באראט ,20) ,40 ,(61 חיים גל ,?) ? (","מכבי ראשל""צ","מכבי ת""א",103,"[{""name"": ""הרצל פריצנר"", ""minute"": null}]","[{""name"": ""טום באראט"", ""minute"": null}, {""name"": ""חיים גל"", ""minute"": null}]"
04-09-1943,1941/43,ליגת ההתאחדות,,מכבי נס ציונה,בית,,9,0,,,,,"הרצל פריצנר ,[4] יוסף מרימוביץ' 3] ,[ פרי נויפלד 2] [",,"מכבי ת""א",מכבי נס ציונה,103,"[{""name"": ""הרצל פריצנר"", ""minute"": null}, {""name"": ""יוסף מרימוביץ"", ""minute"": 3}, {""name"": ""פרי נויפלד"", ""minute"": 2}]",[]
11-09-1943,1941/43,ליגת ההתאחדות,,"מכבי ראשל""צ",חוץ,,2,0,,,,,,"יוסף מרימוביץ ' ,15) 35 (","מכבי ראשל""צ","מכבי ת""א",108,[],"[{""name"": ""יוסף מרימוביץ"", ""minute"": null}]"
18-09-1943,1941/43,ליגת ההתאחדות,,"מכבי ראשל""צ",בית,,5,0,,,,,,,"מכבי ת""א","מכבי ראשל""צ",108,[],[]
16-10-1943,1941/43,ליגת ההתאחדות,,הומנטמן,חוץ,,3,0,,,,,)טכני(,,הומנטמן,"מכבי ת""א",108,[],[]
30-10-1943,1941/43,ליגת ההתאחדות,,הומנטמן,בית,,3,0,,,,,,)טכני(,"מכבי ת""א",הומנטמן,108,[],[]
02-10-1943,1943/44,ליגת ההתאחדות,,מכבי נס ציונה,חוץ,,2,1,,,,,"הרצל פריצנר ,?) 88 (",גרשון גניסוב (70),מכבי נס ציונה,"מכבי ת""א",115,"[{""name"": ""הרצל פריצנר"", ""minute"": null}]","[{""name"": ""גרשון גניסוב"", ""minute"": 70}]"
23-10-1943,1943/44,ליגת ההתאחדות,,הפועל הרצליה,בית,,3,0,,,,,,,"מכבי ת""א",הפועל הרצליה,115,[],[]
13-11-1943,1943/44,ליגת ההתאחדות,,"הפועל ר""ג",בית,,3,2,,,,,"אהרון סידי ,[2] פרי נויפל ד","משה רסקין, שמחה פל ק","מכבי ת""א","הפועל ר""ג",116,"[{""name"": ""אהרון סידי"", ""minute"": null}, {""name"": ""רי נוי ל ד"", ""minute"": null}]","[{""name"": ""משה רסקין"", ""minute"": null}, {""name"": ""שמחה ל ק"", ""minute"": null}]"
20-11-1943,1943/44,ליגת ההתאחדות,,"מכבי פ""ת",חוץ,,4,1,,,,,"הרצל פריצנר ,[3] ?",?,"מכבי פ""ת","מכבי ת""א",117,"[{""name"": ""הרצל פריצנר"", ""minute"": null}]",[]
27-11-1943,1943/44,ליגת ההתאחדות,,"הפועל ת""א",בית,,1,2,,,,,פרי נויפלד (33),"יצחק רוזנבאום ,(15) הרברט מייטנר (78)","מכבי ת""א","הפועל ת""א",117,"[{""name"": ""פרי נויפלד"", ""minute"": 33}]","[{""name"": ""יצחק רוזנבאום"", ""minute"": null}, {""name"": ""הרברט מייטנר"", ""minute"": 78}]"
04-12-1943,1943/44,ליגת ההתאחדות,,מכבי נתניה,חוץ,,2,5,,,,,"פרי נויפלד )?פ(, קאשי (73)","יצחק כספי ,(20) אברהם שניידרוביץ )קוצ'ה( ,30) ,44 ,(65 ? )18ע (",מכבי נתניה,"מכבי ת""א",117,"[{""name"": ""פרי נויפלד"", ""minute"": null}, {""name"": ""קאשי"", ""minute"": 73}]","[{""name"": ""יצחק כס י"", ""minute"": null}, {""name"": ""אברהם שניידרוביץ קוצה"", ""minute"": null}]"
11-12-1943,1943/44,ליגת ההתאחדות,,מכבי רחובות,בית,,0,3,,,,,"אברהם פרנקנטל ,(20) יעקב רוקבן ,(35) נדב )?פ (",,"מכבי ת""א",מכבי רחובות,117,"[{""name"": ""אברהם רנקנטל"", ""minute"": null}, {""name"": ""י קב רוקבן"", ""minute"": null}, {""name"": ""נדב"", ""minute"": null}]",[]
01-01-1944,1943/44,ליגת ההתאחדות,,"הכח ת""א",בית,,4,0,,,,,,,"מכבי ת""א","הכח ת""א",117,[],[]
05-02-1944,1943/44,ליגת ההתאחדות,,"הפועל פ""ת",חוץ,,0,1,,,,,,חיים נויפלד (15),"הפועל פ""ת","מכבי ת""א",118,[],"[{""name"": ""חיים נוי לד"", ""minute"": 15}]"
12-02-1944,1943/44,ליגת ההתאחדות,,"מכבי ראשל""צ",חוץ,,4,2,,,,,"אהרון סידי ,40) ,(? יואל שטוסר ,(?) פרי נויפלד ?) (","חיים גל (?) , סלח ?) (","מכבי ראשל""צ","מכבי ת""א",118,"[{""name"": ""אהרון סידי"", ""minute"": null}, {""name"": ""יואל שטוסר"", ""minute"": null}, {""name"": ""פרי נויפלד"", ""minute"": null}]","[{""name"": ""חיים גל"", ""minute"": null}, {""name"": ""סלח"", ""minute"": null}]"
26-02-1944,1943/44,ליגת ההתאחדות,,"הפועל ראשל""צ",בית,,7,1,,,,,"יוסף מרימוביץ' ,(2) אלי פוקס ,(2) אהרון סידי, יואל שטוסר, ? )ע (",ראוב ן,"מכבי ת""א","הפועל ראשל""צ",118,"[{""name"": ""יוסף מרימוביץ"", ""minute"": null}, {""name"": ""אלי פוקס"", ""minute"": null}, {""name"": ""אהרון סידי"", ""minute"": null}, {""name"": ""יואל שטוסר"", ""minute"": null}]","[{""name"": ""ראוב ן"", ""minute"": null}]"
04-03-1944,1943/44,ליגת ההתאחדות,,הפועל רחובות,בית,,4,0,,,,,"אלי פוקס ,(25) אהרון סידי ,(40) חיים בורשטיין ,(70) יוסף מירמוביץ (83)",,"מכבי ת""א",הפועל רחובות,118,"[{""name"": ""אלי פוקס"", ""minute"": null}, {""name"": ""אהרון סידי"", ""minute"": null}, {""name"": ""חיים בורשטיין"", ""minute"": null}, {""name"": ""יוס מירמוביץ"", ""minute"": 83}]",[]
08-04-1944,1943/44,ליגת ההתאחדות,,"מכבי פ""ת",בית,,8,1,,,,,"אהרון סידי ,(3) שלום שלומזון 2) ,( ג'וני, סידי או ג'וני 2) 372(",בן-דרור )פ (,"מכבי ת""א","מכבי פ""ת",119,"[{""name"": ""אהרון סידי"", ""minute"": null}, {""name"": ""שלום שלומזון"", ""minute"": 2}, {""name"": ""גוני"", ""minute"": null}, {""name"": ""סידי או גוני"", ""minute"": 2}]","[{""name"": ""בן-דרור"", ""minute"": null}]"
29-04-1944,1943/44,ליגת ההתאחדות,,"הפועל ר""ג",חוץ,,0,0,,,,,,,"הפועל ר""ג","מכבי ת""א",119,[],[]
06-05-1944,1943/44,ליגת ההתאחדות,,"הפועל ראשל""צ",חוץ,,7,1,,,,,,,"הפועל ראשל""צ","מכבי ת""א",120,[],[]
13-05-1944,1943/44,ליגת ההתאחדות,,"בית""ר ת""א",בית,,0,3,,,,,"נתן פנץ ,35) ,(60 ארנסט ויינברגר )ורמש( (87)",,"מכבי ת""א","בית""ר ת""א",120,"[{""name"": ""נתן פנץ"", ""minute"": null}]",[]
20-05-1944,1943/44,ליגת ההתאחדות,,מכבי רחובות,חוץ,,0,0,,,,,,,מכבי רחובות,"מכבי ת""א",120,[],[]
27-05-1944,1943/44,ליגת ההתאחדות,,מכבי נתניה,בית,,1,2,,,,,שלום שלומזון (20),"אברהם שניידרוביץ )קוצ'ה( ,(15)? ,","מכבי ת""א",מכבי נתניה,121,"[{""name"": ""שלום שלומזון"", ""minute"": 20}]","[{""name"": ""אברהם שניידרוביץ קוצה"", ""minute"": null}]"
03-06-1944,1943/44,ליגת ההתאחדות,,הפועל הרצליה,חוץ,,6,0,,,,,,,הפועל הרצליה,"מכבי ת""א",121,[],[]
10-06-1944,1943/44,ליגת ההתאחדות,,"מכבי ראשל""צ",בית,,3,1,,,,,"הרצל פריצנר 2] ,380[ יוסף מרימוביץ '",חיים ג ל,"מכבי ת""א","מכבי ראשל""צ",121,"[{""name"": ""הרצל פריצנר"", ""minute"": 2}, {""name"": ""יוסף מרימוביץ"", ""minute"": null}]","[{""name"": ""חיים ג ל"", ""minute"": null}]"
24-06-1944,1943/44,ליגת ההתאחדות,,הפועל רחובות,חוץ,,3,2,,,,,"יוסף מרימוביץ ' ,(45) קאשי ,(?) וינר סינקה ?) (","נדב ,(20) חנוך רוקבן (25)",הפועל רחובות,"מכבי ת""א",121,"[{""name"": ""יוסף מרימוביץ"", ""minute"": null}, {""name"": ""קאשי"", ""minute"": null}, {""name"": ""וינר סינקה"", ""minute"": null}]","[{""name"": ""נדב"", ""minute"": null}, {""name"": ""חנוך רוקבן"", ""minute"": 25}]"
18-11-1944,1944/45,ליגת ההתאחדות,,"מכבי פ""ת",חוץ,,3,0,,,,,,"אהרון סידי ,(?) הרצל פריצנר ,?) 88פ (","מכבי פ""ת","מכבי ת""א",129,[],"[{""name"": ""אהרון סידי"", ""minute"": null}, {""name"": ""הרצל פריצנר"", ""minute"": null}]"
02-12-1944,1944/45,ליגת ההתאחדות,,הפועל חיפה,בית,,3,0,,,,,"הרצל פריצנר ,(34) יוסף מרימוביץ' ,35) 85 (",,"מכבי ת""א",הפועל חיפה,129,"[{""name"": ""הרצל פריצנר"", ""minute"": null}, {""name"": ""יוסף מרימוביץ"", ""minute"": null}]",[]
09-12-1944,1944/45,ליגת ההתאחדות,,"הפועל ת""א",בית,,2,3,,,,,"הרצל פריצנר ,5) 40 (","דוד מיץ ,50) ,(75 הרברט מייטנר (82)","מכבי ת""א","הפועל ת""א",130,"[{""name"": ""הרצל פריצנר"", ""minute"": null}]","[{""name"": ""דוד מיץ"", ""minute"": null}, {""name"": ""הרברט מייטנר"", ""minute"": 82}]"
06-01-1945,1944/45,ליגת ההתאחדות,,"הפועל ר""ג",חוץ,,2,2,,,,,"אהרון סידי ,(50) גאול מכליס (83)","שמואל אונגר ,65) 75 (","הפועל ר""ג","מכבי ת""א",130,"[{""name"": ""אהרון סידי"", ""minute"": null}, {""name"": ""גאול מכליס"", ""minute"": 83}]","[{""name"": ""שמואל אונגר"", ""minute"": null}]"
27-01-1945,1944/45,ליגת ההתאחדות,,"הפועל פ""ת",חוץ,,2,1,,,,,")הופסק ( הרצל פריצנר ,15) 56פ (",חיים כהן (20),"הפועל פ""ת","מכבי ת""א",130,"[{""name"": ""הו סק הרצל ריצנר"", ""minute"": null}]","[{""name"": ""חיים כהן"", ""minute"": 20}]"
17-02-1945,1944/45,ליגת ההתאחדות,,מכבי נתניה,בית,,1,2,,,,,יוסף מרימוביץ' (20),"פינלי ,?) ? (","מכבי ת""א",מכבי נתניה,130,"[{""name"": ""יוסף מרימוביץ"", ""minute"": 20}]","[{""name"": ""ינלי"", ""minute"": null}]"
12-05-1945,1944/45,ליגת ההתאחדות,,הפועל חיפה,חוץ,,1,1,,,,,יוסף מרימוביץ' ?) (,מנחם שב ל (40),הפועל חיפה,"מכבי ת""א",130,"[{""name"": ""יוסף מרימוביץ"", ""minute"": null}]","[{""name"": ""מנחם שב ל"", ""minute"": 40}]"
02-06-1945,1944/45,ליגת ההתאחדות,,"הפועל פ""ת",בית,,4,0,,,,,"הרצל פריצנר ,15) ,(87 אברהם טוריק ה224 ,(35) ג'וני ?) (",,"מכבי ת""א","הפועל פ""ת",130,"[{""name"": ""הרצל פריצנר"", ""minute"": null}, {""name"": ""אברהם טוריק ה"", ""minute"": null}, {""name"": ""גוני"", ""minute"": null}]",[]
09-06-1945,1944/45,ליגת ההתאחדות,,מכבי נתניה,חוץ,,2,4,,,,,הרצל פריצנר 2] [,יצחק כספי 4] [,מכבי נתניה,"מכבי ת""א",131,"[{""name"": ""הרצל פריצנר"", ""minute"": 2}]","[{""name"": ""יצחק כס י"", ""minute"": 4}]"
23-06-1945,1944/45,ליגת ההתאחדות,,"מכבי פ""ת",בית,,1,1,,,,,הרצל פריצנ ר,דוד זילב ר,"מכבי ת""א","מכבי פ""ת",131,"[{""name"": ""הרצל ריצנ ר"", ""minute"": null}]","[{""name"": ""דוד זילב ר"", ""minute"": null}]"
30-06-1945,1944/45,ליגת ההתאחדות,,"הפועל ת""א",בית,,0,3,,,,,"צבי ארליך )דוקטור( ,29) ,(76 דוד מיץ (61)",)הופסק (,"מכבי ת""א","הפועל ת""א",131,"[{""name"": ""צבי ארליך"", ""minute"": null}, {""name"": ""דוד מיץ"", ""minute"": 61}]",[]
12-10-1946,1946/47,ליגת ההתאחדות,,הפועל רחובות,בית,,3,1,,,,,"יהושע גלזר ,25) ,(? צבי סטודינסקי ?) (",גינזבורסקי )?פ (,"מכבי ת""א",הפועל רחובות,144,"[{""name"": ""שייע גלזר"", ""minute"": null}, {""name"": ""צבי סטודינסקי"", ""minute"": null}]","[{""name"": ""גינזבורסקי"", ""minute"": null}]"
17-10-1946,1946/47,ליגת ההתאחדות,,"הפועל ר""ג",חוץ,,6,4,,,,,,"אהרון סידי )פ ,465( ?","הפועל ר""ג","מכבי ת""א",144,[],"[{""name"": ""אהרון סידי"", ""minute"": null}]"
19-10-1946,1946/47,ליגת ההתאחדות,,"מכבי פ""ת",בית,,4,0,,,,,"צבי סטודינסקי ,(18) יהושע גלזר ,(19) אהרון סידי ,(25) סידי או",סטודינסקי ?) 466(,"מכבי ת""א","מכבי פ""ת",144,"[{""name"": ""צבי סטודינסקי"", ""minute"": null}, {""name"": ""שייע גלזר"", ""minute"": null}, {""name"": ""אהרון סידי"", ""minute"": null}, {""name"": ""סידי או"", ""minute"": null}]","[{""name"": ""צבי סטודינסקי"", ""minute"": null}]"
02-11-1946,1946/47,ליגת ההתאחדות,,הפועל חיפה,חוץ,,4,3,,,,,"אהרון סידי ?) פ274, ,(43 יהושע גלזר ,(12) יוסי גורפינקל (80)","שמשון פרקש ,(11) מנחם שב ל ,14) 78 (",הפועל חיפה,"מכבי ת""א",145,"[{""name"": ""אהרון סידי"", ""minute"": null}, {""name"": ""שייע גלזר"", ""minute"": null}, {""name"": ""יוסי גור ינקל"", ""minute"": 80}]","[{""name"": ""שמשון רקש"", ""minute"": null}, {""name"": ""מנחם שב ל"", ""minute"": null}]"
09-11-1946,1946/47,ליגת ההתאחדות,,הפועל הרצליה,חוץ,,12,0,,,,,אברהם טוריק ה,"יוסף מרימוביץ' ,[6] אלי פוקס ,[2] יוסי גורפינקל ,[2] יהושע גלזר,",הפועל הרצליה,"מכבי ת""א",145,"[{""name"": ""אברהם טוריק ה"", ""minute"": null}]","[{""name"": ""יוסף מרימוביץ"", ""minute"": null}, {""name"": ""אלי פוקס"", ""minute"": null}, {""name"": ""יוסי גור ינקל"", ""minute"": null}, {""name"": ""שייע גלזר"", ""minute"": null}]"
16-11-1946,1946/47,ליגת ההתאחדות,,"הפועל פ""ת",בית,,2,0,,,,,"אהרון סידי 20) ,479( יוסף מרימוביץ (80)",,"מכבי ת""א","הפועל פ""ת",146,"[{""name"": ""אהרון סידי"", ""minute"": 20}, {""name"": ""יוסף מרימוביץ"", ""minute"": 80}]",[]
23-11-1946,1946/47,ליגת ההתאחדות,,מכבי נתניה,חוץ,,9,0,,,,,,"יהושע גלזר ,[4] אהרון סידי ,[4] יוסי גורפי נק ל",מכבי נתניה,"מכבי ת""א",146,[],"[{""name"": ""שייע גלזר"", ""minute"": null}, {""name"": ""אהרון סידי"", ""minute"": null}, {""name"": ""יוסי גור י נק ל"", ""minute"": null}]"
30-11-1946,1946/47,ליגת ההתאחדות,,"בית""ר ת""א",בית,,3,0,,,,,,)טכני(,"מכבי ת""א","בית""ר ת""א",146,[],[]
14-12-1946,1946/47,ליגת ההתאחדות,,"הפועל ראשל""צ",בית,,7,0,,,,,"יונה פוקס ,[3] יהושע גלזר ,[3] יוסף מרימוביץ '",,"מכבי ת""א","הפועל ראשל""צ",147,"[{""name"": ""יונה וקס"", ""minute"": null}, {""name"": ""שייע גלזר"", ""minute"": null}, {""name"": ""יוסף מרימוביץ"", ""minute"": null}]",[]
28-12-1946,1946/47,ליגת ההתאחדות,,מכבי נס ציונה,חוץ,,2,1,,,,,"יוסף מרימוביץ', אהרון סיד י",כהנו ב,מכבי נס ציונה,"מכבי ת""א",147,"[{""name"": ""יוסף מרימוביץ"", ""minute"": null}, {""name"": ""אהרון סיד י"", ""minute"": null}]","[{""name"": ""כהנו ב"", ""minute"": null}]"
04-01-1947,1946/47,ליגת ההתאחדות,,"מכבי ראשל""צ",בית,,3,2,,,,,"אהרון סידי ,(5) יהושע גלזר ,(20) יונה פוקס (60)","חיים גל ,(?) שוער מכבי ת""א )16ע (","מכבי ת""א","מכבי ראשל""צ",148,"[{""name"": ""אהרון סידי"", ""minute"": null}, {""name"": ""שייע גלזר"", ""minute"": null}, {""name"": ""יונה וקס"", ""minute"": 60}]","[{""name"": ""חיים גל"", ""minute"": null}, {""name"": ""שו ר מכבי תא"", ""minute"": null}]"
11-01-1947,1946/47,ליגת ההתאחדות,,"הפועל ת""א",בית,,1,1,,,,,יהושע גלזר (35),דוד מיץ (5),"מכבי ת""א","הפועל ת""א",148,"[{""name"": ""שייע גלזר"", ""minute"": 35}]","[{""name"": ""דוד מיץ"", ""minute"": 5}]"
18-01-1947,1946/47,ליגת ההתאחדות,,מכבי רחובות,בית,,5,0,,,,,,,"מכבי ת""א",מכבי רחובות,148,[],[]
15-02-1947,1946/47,ליגת ההתאחדות,,"מכבי פ""ת",חוץ,,4,5,,,,,שניידמסר (80),"אליעזר שפיגל ,35) ,(77 ישראל בן -דרור ,(?) לזר בכר ,(70) זאב","מכבי פ""ת","מכבי ת""א",148,"[{""name"": ""שניידמסר"", ""minute"": 80}]","[{""name"": ""אליעזר שפיגל"", ""minute"": null}, {""name"": ""ישראל בן -דרור"", ""minute"": null}, {""name"": ""לזר בכר"", ""minute"": null}, {""name"": ""זאב"", ""minute"": null}]"
22-02-1947,1946/47,ליגת ההתאחדות,,"מכבי ראשל""צ",חוץ,,6,2,,,,,"יוסף מרימוביץ' ,[2] אליה שולר, יוסי גורפינקל, אהרון סידי, יהושע","שלום טביב, ? )פ (","מכבי ראשל""צ","מכבי ת""א",149,"[{""name"": ""יוסף מרימוביץ"", ""minute"": null}, {""name"": ""אליה שולר"", ""minute"": null}, {""name"": ""יוסי גור ינקל"", ""minute"": null}, {""name"": ""אהרון סידי"", ""minute"": null}, {""name"": ""יהוש"", ""minute"": null}]","[{""name"": ""שלום טביב"", ""minute"": null}]"
01-03-1947,1946/47,ליגת ההתאחדות,,הפועל הרצליה,בית,,6,0,,,,,"יוסף מרימוביץ' ,[3] יהושע גלזר, אליה שולר, אהרון סידי",,"מכבי ת""א",הפועל הרצליה,149,"[{""name"": ""יוסף מרימוביץ"", ""minute"": null}, {""name"": ""שייע גלזר"", ""minute"": null}, {""name"": ""אליה שולר"", ""minute"": null}, {""name"": ""אהרון סידי"", ""minute"": null}]",[]
22-03-1947,1946/47,ליגת ההתאחדות,,"הפועל ר""ג",חוץ,,1,1,,,,,יצחק גרוסמן (75),יהושע גלזר ?) (,"הפועל ר""ג","מכבי ת""א",149,"[{""name"": ""יצחק גרוסמן"", ""minute"": 75}]","[{""name"": ""שייע גלזר"", ""minute"": null}]"
12-04-1947,1946/47,ליגת ההתאחדות,,הפועל חיפה,בית,,2,0,,,,,"יוסף מרימוביץ', אהרון סיד י",,"מכבי ת""א",הפועל חיפה,150,"[{""name"": ""יוסף מרימוביץ"", ""minute"": null}, {""name"": ""אהרון סיד י"", ""minute"": null}]",[]
26-04-1947,1946/47,ליגת ההתאחדות,,מכבי נתניה,בית,,5,2,,,,,"שמואל פרלמן )43ע(, אהרון סידי ,38) ,(67 יוסף מרימוביץ ,(53) צבי",סטודינסקי (58),"מכבי ת""א",מכבי נתניה,150,"[{""name"": ""שמואל רלמן"", ""minute"": null}, {""name"": ""אהרון סידי"", ""minute"": null}, {""name"": ""יוסף מרימוביץ"", ""minute"": null}]","[{""name"": ""צבי סטודינסקי"", ""minute"": 58}]"
10-05-1947,1946/47,ליגת ההתאחדות,,"הפועל פ""ת",חוץ,,3,0,,,,,")טכני( יהושע גלזר ,(10) לודוויג גרובר )56ע(, אברהם טוריקה )?פ(, יוסף","עמיחי שוהם ,?) ? (","הפועל פ""ת","מכבי ת""א",150,"[{""name"": ""טכני יהוש גלזר"", ""minute"": null}, {""name"": ""לודוויג גרובר"", ""minute"": null}, {""name"": ""אברהם טוריקה"", ""minute"": null}]","[{""name"": ""מיחי שוהם"", ""minute"": null}]"
17-05-1947,1946/47,ליגת ההתאחדות,,מכבי נס ציונה,בית,,6,2,,,,,"יוסף מרימוביץ' ,30) ,49 ,(87 אהרון סידי ,(32) צבי סטודינסקי ,(43)",יוסי גורפינקל 85) 498(,"מכבי ת""א",מכבי נס ציונה,150,"[{""name"": ""יוסף מרימוביץ"", ""minute"": null}, {""name"": ""אהרון סידי"", ""minute"": null}, {""name"": ""צבי סטודינסקי"", ""minute"": null}]","[{""name"": ""יוסי גור ינקל"", ""minute"": 85}]"
31-05-1947,1946/47,ליגת ההתאחדות,,"בית""ר ת""א",חוץ,,1,2,,,,,יונה פוקס (20),"אברהם בוגדנוב ,(47) נתן פ נץ (86)","בית""ר ת""א","מכבי ת""א",151,"[{""name"": ""יונה וקס"", ""minute"": 20}]","[{""name"": ""אברהם בוגדנוב"", ""minute"": null}, {""name"": ""נתן פנץ"", ""minute"": 86}]"
21-06-1947,1946/47,ליגת ההתאחדות,,מכבי רחובות,חוץ,,4,1,,,,,"יהושע גלזר ,4) ,(70 צבי סטודינסקי ,(27) אליה שולר (70)",? )74ע (,מכבי רחובות,"מכבי ת""א",152,"[{""name"": ""שייע גלזר"", ""minute"": null}, {""name"": ""צבי סטודינסקי"", ""minute"": null}, {""name"": ""אליה שולר"", ""minute"": 70}]",[]
06-09-1947,1946/47,ליגת ההתאחדות,,הפועל רחובות,חוץ,,9,0,,,,,"הקיצוני השמאלי ,(8) ישראל בן-דרור (75)","יוסף מרימוביץ' ,[3] יהושע גלזר ,[3] חיים גלזר, 507?",הפועל רחובות,"מכבי ת""א",152,"[{""name"": ""ישראל בן-דרור"", ""minute"": 75}]","[{""name"": ""יוסף מרימוביץ"", ""minute"": null}, {""name"": ""שייע גלזר"", ""minute"": null}, {""name"": ""חיים גלזר"", ""minute"": null}]"
13-09-1947,1946/47,ליגת ההתאחדות,,"הפועל ת""א",בית,,3,0,,,,,"יוסי גורפינקל ,5) ,(78 יהושע גלזר 70) 508(",,"מכבי ת""א","הפועל ת""א",152,"[{""name"": ""יוסי גור ינקל"", ""minute"": null}, {""name"": ""שייע גלזר"", ""minute"": 70}]",[]
27-09-1947,1946/47,ליגת ההתאחדות,,"הפועל ראשל""צ",חוץ,,5,3,,,,,"חיים גלזר, יהושע גלזר, אברהם טוריקה, יונה פוקס, ?","בולי הוכבנברג ר, דניאל זילברמן, ג ד","הפועל ראשל""צ","מכבי ת""א",152,"[{""name"": ""חיים גלזר"", ""minute"": null}, {""name"": ""שייע גלזר"", ""minute"": null}, {""name"": ""אברהם טוריקה"", ""minute"": null}, {""name"": ""יונה וקס"", ""minute"": null}]","[{""name"": ""בולי הוכבנברג ר"", ""minute"": null}, {""name"": ""דניאל זילברמן"", ""minute"": null}, {""name"": ""ג ד"", ""minute"": null}]"
28-12-1946,1946/47,ליגה ב',,"בית""ר ת""א מילואים",בית,,3,1,,,,,,,"מכבי ת""א מילואים","בית""ר ת""א מילואים",160,[],[]
15-11-1947,1947/48,ליגת ההתאחדות,,מכבי רחובות,בית,,5,1,,,,,"אהרון סידי ,9) ,(40 אלי פוקס ,60) ,(76 יהושע גלזר (62)",צבי שוסיוב (11),"מכבי ת""א",מכבי רחובות,162,"[{""name"": ""אהרון סידי"", ""minute"": null}, {""name"": ""אלי פוקס"", ""minute"": null}, {""name"": ""שייע גלזר"", ""minute"": 62}]","[{""name"": ""צבי שוסיוב"", ""minute"": 11}]"
22-11-1947,1947/48,ליגת ההתאחדות,,הפועל הצפון,חוץ,,6,0,,,,,סטודינסקי (80),"אהרון סידי ,5) ,(41 שמואל ,(15) יהושע גלזר ,63) ,(88 צבי",הפועל הצפון,"מכבי ת""א",163,"[{""name"": ""צבי סטודינסקי"", ""minute"": 80}]","[{""name"": ""אהרון סידי"", ""minute"": null}, {""name"": ""שמואל"", ""minute"": null}, {""name"": ""שייע גלזר"", ""minute"": null}]"
29-11-1947,1947/48,ליגת ההתאחדות,,"הפועל ראשל""צ",בית,,8,0,,,,,"אהרון סידי ,(20) יהושע גלזר ,(28)78 יונה פוקס ,32) ,75 ,(83 צבי","סטודינסקי ,(46) אלי פוקס (65)","מכבי ת""א","הפועל ראשל""צ",164,"[{""name"": ""אהרון סידי"", ""minute"": null}, {""name"": ""שייע גלזר"", ""minute"": null}]","[{""name"": ""צבי סטודינסקי"", ""minute"": null}, {""name"": ""אלי פוקס"", ""minute"": 65}]"
13-12-1947,1947/48,ליגת ההתאחדות,,"הפועל פ""ת",בית,,2,1,,,,,דב שונשיין 41) 536(,"יהושע גלזר ,48) 58 537(","מכבי ת""א","הפועל פ""ת",164,[],"[{""name"": ""שייע גלזר"", ""minute"": null}]"
03-01-1948,1947/48,ליגת ההתאחדות,,"מכבי פ""ת",חוץ,,5,2,,,,,"אליעזר שפיגל ,(18) שמואל בן -דרור )04פ (","יהושע גלזר ,8) ,10 ,35 ,74 79 540(","מכבי פ""ת","מכבי ת""א",165,"[{""name"": ""אליעזר שפיגל"", ""minute"": null}]","[{""name"": ""שייע גלזר"", ""minute"": null}]"
13-03-1948,1947/48,ליגה ב',,"הפועל פ""ת",בית,,6,1,,,,,"אהרון סידי ,(19) שמואל ישראלי ,25) ,(68 יהושע גלזר ,(42) יוסף","מרימוביץ' ,65) 87 (","מכבי ת""א","הפועל פ""ת",170,"[{""name"": ""אהרון סידי"", ""minute"": null}, {""name"": ""שייע גלזר"", ""minute"": null}]","[{""name"": ""מרימוביץ"", ""minute"": null}]"
10-04-1948,1947/48,ליגה ב',,"מכבי פ""ת",בית,,5,0,,,,,"נתן פנץ ,(9) יוסף מרימוביץ' ,11) ,39 ,(43 אהרון סידי (89)",,"מכבי ת""א","מכבי פ""ת",170,"[{""name"": ""נתן פנץ"", ""minute"": null}, {""name"": ""יוסף מרימוביץ"", ""minute"": null}, {""name"": ""אהרון סידי"", ""minute"": 89}]",[]
17-04-1948,1947/48,ליגה ב',,"הפועל ת""א",חוץ,,1,1,,,,,נתן פנץ (29),נפתלי שוולב (14),"הפועל ת""א","מכבי ת""א",170,"[{""name"": ""נתן פנץ"", ""minute"": 29}]","[{""name"": ""נ תלי שוולב"", ""minute"": 14}]"
